obs,quad,plantType,liveStems,deadStems,burrows,mussels,snails,snailDensity,notes
1,1,SPAL,12,1,0,0,10,160,
2,2,SPAL,14,0,1,0,6,96,
3,3,SPAL,17,0,1,0,24,384,
4,4,SPAL,21,1,0,0,17,272,
5,5,SPAL,13,0,1,0,15,240,
6,6,SPAL,21,0,1,0,8,128,
7,7,SPAL,18,1,2,1,14,224,
8,8,SPAL,22,2,1,0,22,352,
9,9,SPAL,15,4,0,0,13,208,
10,10,SPAL,12,1,1,0,16,256,
11,11,SPAL,22,4,3,0,13,208,
12,12,SPAL,27,4,3,0,8,128,
13,13,SPAL,17,1,4,0,17,272,
14,14,SPAL,18,3,1,0,17,272,
15,15,SPAL,15,1,0,0,6,96,
16,16,SPAL,15,4,4,0,7,112,
17,17,SPAL,13,2,8,0,7,112,
18,18,SPAL,19,3,1,0,7,112,
19,19,SPAL,19,3,6,0,5,80,
20,20,SPAL,15,3,7,0,0,0,
21,21,SPAL,14,0,0,0,4,64,
22,22,SPAL,15,0,0,0,6,96,
23,23,SPAL,20,6,0,0,13,208,
24,24,SPAL,22,0,4,0,5,80,
25,25,SPAL,18,1,6,0,6,96,1 spider
26,26,SPAL,15,2,1,0,8,128,
27,27,SPAL,21,3,3,0,6,96,
28,28,SPAL,20,0,8,0,6,96,
29,29,SPAL,14,1,2,0,3,48,
30,30,SPAL,16,4,4,0,3,48,
31,31,SPCY,4,2,1,0,5,80,
32,32,SPCY,4,5,3,1,6,96,
33,33,SPCY,6,5,1,1,11,176,
34,34,SPCY,7,8,2,1,9,144,
35,35,SPCY,6,3,0,4,12,192,
36,36,SPCY,10,3,6,0,11,176,
37,37,SPCY,9,7,2,1,13,208,
38,38,SPCY,14,7,2,0,14,224,
39,39,SPCY,8,3,2,0,22,352,
40,40,SPCY,9,2,1,0,15,240,
41,41,SPCY,8,3,2,0,23,368,
42,42,SPCY,10,2,0,0,18,288,
43,43,SPCY,7,4,0,0,11,176,
44,44,SPCY,8,5,2,0,14,224,
45,45,SPCY,5,8,4,0,10,160,
46,46,SPCY,7,3,1,0,11,176,
47,47,SPCY,5,4,5,0,10,160,
48,48,SPCY,5,4,2,0,8,128,2 live Schoenoplectus americanus
49,49,SPCY,3,4,3,0,4,64,
50,50,SPCY,9,4,0,0,8,128,
51,51,SPCY,8,7,0,0,11,176,
52,52,SPCY,6,9,2,0,5,80,
53,53,SPCY,10,4,3,0,12,192,
54,54,SPCY,10,5,3,0,8,128,
55,55,SPCY,11,5,1,1,9,144,
56,56,SPCY,7,7,1,0,12,192,
57,57,SPCY,4,4,2,0,5,80,
58,58,SPCY,9,4,0,0,12,192,
59,59,SPCY,12,6,3,0,6,96,2 Melampus bidentatus
60,60,SPCY,8,2,3,0,9,144,
